{
	"pattrstorage" : 	{
		"name" : "drumsPreset",
		"slots" : 		{
			"1" : 			{
				"id" : 1,
				"data" : 				{
					"HH1gain" : [ -70.0 ],
					"HHOpen_gain" : [ -70.0 ],
					"Kick1_gain" : [ -70.0 ],
					"Kick2gain" : [ -7.10598258989026 ],
					"Perc1gain" : [ -70.0 ],
					"Perc2gain" : [ -70.0 ],
					"Snare_gain" : [ -70.0 ],
					"crash_gain" : [ -70.0 ]
				}

			}
,
			"2" : 			{
				"id" : 2,
				"data" : 				{
					"HH1gain" : [ -70.0 ],
					"HHOpen_gain" : [ -70.0 ],
					"Kick1_gain" : [ -17.199511917269959 ],
					"Kick2gain" : [ -7.10598258989026 ],
					"Perc1gain" : [ -70.0 ],
					"Perc2gain" : [ -70.0 ],
					"Snare_gain" : [ -70.0 ],
					"crash_gain" : [ -70.0 ]
				}

			}
,
			"3" : 			{
				"id" : 3,
				"data" : 				{
					"HH1gain" : [ -10.912292264041525 ],
					"HHOpen_gain" : [ -70.0 ],
					"Kick1_gain" : [ -17.199511917269959 ],
					"Kick2gain" : [ -7.10598258989026 ],
					"Perc1gain" : [ -23.701410991900708 ],
					"Perc2gain" : [ -68.803149606299201 ],
					"Snare_gain" : [ -7.706547854012996 ],
					"crash_gain" : [ -70.0 ]
				}

			}
,
			"4" : 			{
				"id" : 4,
				"data" : 				{
					"HH1gain" : [ -10.912292264041525 ],
					"HHOpen_gain" : [ -12.790483652731233 ],
					"Kick1_gain" : [ -17.199511917269959 ],
					"Kick2gain" : [ -7.10598258989026 ],
					"Perc1gain" : [ -15.814539829596221 ],
					"Perc2gain" : [ -14.453998198831819 ],
					"Snare_gain" : [ -7.706547854012996 ],
					"crash_gain" : [ -70.0 ]
				}

			}
,
			"5" : 			{
				"id" : 5,
				"data" : 				{
					"HH1gain" : [ -7.05070361515611 ],
					"HHOpen_gain" : [ -6.424636461603363 ],
					"Kick1_gain" : [ -6.804096677267665 ],
					"Kick2gain" : [ -7.10598258989026 ],
					"Perc1gain" : [ -5.472260699286721 ],
					"Perc2gain" : [ -6.451212362367272 ],
					"Snare_gain" : [ -7.81174868953471 ],
					"crash_gain" : [ -8.627009261522218 ]
				}

			}

		}

	}

}
