{
	"pattrstorage" : 	{
		"name" : "statesInterp",
		"slots" : 		{
			"1" : 			{
				"id" : 1,
				"data" : 				{
					"DistAmount" : [ 1.0 ],
					"DistFreqMod" : [ 0.0 ],
					"DistMix" : [ 1.0 ],
					"DistortMod" : [ 1 ],
					"RingMod" : [ 1 ],
					"arpeggiator_gain" : [ -70.0 ],
					"drums_gain" : [ -70.0 ],
					"harmonics5th_gain" : [ -69.4015748031496 ],
					"harmony_gain" : [ -70.0 ],
					"sub_gain" : [ -5.666653343458975 ]
				}

			}
,
			"2" : 			{
				"id" : 2,
				"data" : 				{
					"DistAmount" : [ 1.0 ],
					"DistFreqMod" : [ 0.0 ],
					"DistMix" : [ 1.0 ],
					"DistortMod" : [ 1 ],
					"RingMod" : [ 1 ],
					"arpeggiator_gain" : [ -70.0 ],
					"drums_gain" : [ -70.0 ],
					"harmonics5th_gain" : [ -17.055837563451774 ],
					"harmony_gain" : [ -70.0 ],
					"sub_gain" : [ -5.666653343458975 ]
				}

			}
,
			"3" : 			{
				"id" : 3,
				"data" : 				{
					"DistAmount" : [ 1.0 ],
					"DistFreqMod" : [ 0.0 ],
					"DistMix" : [ 1.0 ],
					"DistortMod" : [ 1 ],
					"RingMod" : [ 1 ],
					"arpeggiator_gain" : [ -13.653677767141403 ],
					"drums_gain" : [ -6.265095483761691 ],
					"harmonics5th_gain" : [ -22.067708541508445 ],
					"harmony_gain" : [ -6.613482334358508 ],
					"sub_gain" : [ -5.666653343458975 ]
				}

			}
,
			"4" : 			{
				"id" : 4,
				"data" : 				{
					"DistAmount" : [ 1.0 ],
					"DistFreqMod" : [ 0.0 ],
					"DistMix" : [ 1.0 ],
					"DistortMod" : [ 1 ],
					"RingMod" : [ 1 ],
					"arpeggiator_gain" : [ -13.653677767141403 ],
					"drums_gain" : [ -2.824030693002641 ],
					"harmonics5th_gain" : [ -45.519485191254645 ],
					"harmony_gain" : [ -6.613482334358508 ],
					"sub_gain" : [ -5.666653343458975 ]
				}

			}
,
			"5" : 			{
				"id" : 5,
				"data" : 				{
					"DistAmount" : [ 1.0 ],
					"DistFreqMod" : [ 0.0 ],
					"DistMix" : [ 1.0 ],
					"DistortMod" : [ 1 ],
					"RingMod" : [ 1 ],
					"arpeggiator_gain" : [ -6.498966125595949 ],
					"drums_gain" : [ -4.64172685541331 ],
					"harmonics5th_gain" : [ -20.272718971917897 ],
					"harmony_gain" : [ -3.151522650917499 ],
					"sub_gain" : [ -8.548082462188681 ]
				}

			}
,
			"6" : 			{
				"id" : 6,
				"data" : 				{
					"DistAmount" : [ 1.0 ],
					"DistFreqMod" : [ 0.0 ],
					"DistMix" : [ 1.0 ],
					"DistortMod" : [ 1 ],
					"RingMod" : [ 1 ],
					"arpeggiator_gain" : [ -70.0 ],
					"drums_gain" : [ -70.0 ],
					"harmonics5th_gain" : [ -70.0 ],
					"harmony_gain" : [ -70.0 ],
					"sub_gain" : [ -69.4015748031496 ]
				}

			}

		}

	}

}
